<?xml version="1.0"?>
<wrgn49_dlob_dir600b>
	<device>
		<layout>router</layout>
		<hostname>dlinkrouter</hostname>
		<router>
			<mode>1W1L</mode>
		</router>
		<time>
			<ntp>
				<enable>0</enable>
				<period>604800</period>
				<server/>
			</ntp>
			<ntp6>
				<enable>0</enable>
				<period>604800</period>
			</ntp6>
			<timezone>61</timezone>
			<dst>0</dst>
		</time>
		<account>
			<count>1</count>
			<max>1</max>
			<entry>
				<name>admin</name>
				<password></password>
				<group>0</group>
			</entry>
		</account>
		<log>
			<level>NOTICE</level>
		</log>
		<passthrough>
			<ipv6>0</ipv6>
			<pppoe>0</pppoe>
			<ipsec>1</ipsec>
			<pptp>1</pptp>
		</passthrough>
		<multicast>
			<igmpproxy>0</igmpproxy>
			<wifienhance>0</wifienhance>
		</multicast>
		<session>
			<captcha>0</captcha>
		</session>
		<features>
			<easysetup>1</easysetup>
		</features>
		<rdnss>0</rdnss>
	</device>
	<inf>
		<uid>BRIDGE-1</uid>
		<active>1</active>
		<phyinf>ETH-1</phyinf>
		<defaultroute>1</defaultroute>
		<inet>INET-5</inet>
		<web>80</web>
		<upnp>
			<count>2</count>
			<entry>urn:schemas-upnp-org:device:InternetGatewayDevice:1</entry>
			<entry>urn:schemas-wifialliance-org:device:WFADevice:1</entry>
		</upnp>
	</inf>
	<inf>
		<uid>LAN-1</uid>
		<name>IPv4 LAN</name>
		<comment>The IPv4 LAN interface.</comment>
		<active>1</active>
		<phyinf>ETH-1</phyinf>
		<inet>INET-1</inet>
		<dhcps4>DHCPS4-1</dhcps4>
		<dns4>DNS4-1</dns4>
		<web>80</web>
		<hnap>1</hnap>
		<neap>1</neap>
		<nameresolve>1</nameresolve>
		<upnp>
			<count>2</count>
			<entry>urn:schemas-upnp-org:device:InternetGatewayDevice:1</entry>
			<entry>urn:schemas-wifialliance-org:device:WFADevice:1</entry>
		</upnp>
	</inf>
	<inf>
		<uid>LAN-2</uid>
		<name>IPv4 G/ZONE</name>
		<comment>The IPv4 G/ZONE interface.</comment>
		<active>0</active>
		<inet>INET-2</inet>
		<dhcps4>DHCPS4-2</dhcps4>
		<dns4>DNS4-1</dns4>
	</inf>
	<inf>
		<uid>LAN-3</uid>
		<name>IPv6 LL LAN</name>
		<comment>The IPv6 link local LAN interface.</comment>
		<active>1</active>
		<phyinf>ETH-1</phyinf>
		<inet>INET-6</inet>
		<web>80</web>
		<hnap>1</hnap>
		<nameresolve>1</nameresolve>
		<upnp>
			<count>1</count>
			<entry>urn:schemas-upnp-org:device:InternetGatewayDevice:1</entry>
		</upnp>
	</inf>
	<inf>
		<uid>LAN-4</uid>
		<name>IPv6 LAN</name>
		<comment>The IPv6 LAN interface.</comment>
		<active>1</active>
		<phyinf>ETH-1</phyinf>
		<inet></inet>
		<web>80</web>
		<hnap>1</hnap>
		<dns6>DNS6-1</dns6>
		<dhcps6>DHCPS6-1</dhcps6>
		<nameresolve>1</nameresolve>
		<upnp>
			<count>0</count>
		</upnp>
		<dnsrelay>0</dnsrelay>
	</inf>
	<inf>
		<uid>WAN-1</uid>
		<active>1</active>
		<phyinf>ETH-2</phyinf>
		<defaultroute>1</defaultroute>
		<inet>INET-3</inet>
		<nat>NAT-1</nat>
		<inf6to4></inf6to4>
		<icmp>DROP</icmp>
	</inf>
	<inf>
		<uid>WAN-2</uid>
		<active>0</active>
		<phyinf>ETH-2</phyinf>
		<inet>INET-4</inet>
		<nat>NAT-1</nat>
	</inf>
	<inf>
		<uid>WAN-3</uid>
		<name>IPv6 LL WAN</name>
		<comment>The IPv6 link local WAN interface.</comment>
		<active>1</active>
		<phyinf>ETH-2</phyinf>
		<inet>INET-8</inet>
	</inf>
	<inf>
		<uid>WAN-4</uid>
		<name>IPv6 WAN</name>
		<comment>The native IPv6 WAN interface.</comment>
		<active>0</active>
		<phyinf>ETH-2</phyinf>
		<inet>INET-9</inet>
		<child></child>
	</inf>
	<inf>
		<uid>WAN-5</uid>
		<active>0</active>
		<phyinf>ETH-2</phyinf>
		<inet>INET-10</inet>
		<child></child>
	</inf>
	<phyinf>
		<uid>ETH-1</uid>
		<active>1</active>
		<type>eth</type>
	</phyinf>
	<phyinf>
		<uid>ETH-2</uid>
		<active>1</active>
		<type>eth</type>
		<media>
			<linktype>AUTO</linktype>
		</media>
	</phyinf>
	<phyinf>
		<uid>WLAN-1</uid>
		<active>1</active>
		<type>wifi</type>
		<wifi>WIFI-1</wifi>
		<schedule></schedule>
		<media>
			<wlmode>bgn</wlmode>
			<beacon>100</beacon>
			<fragthresh>2346</fragthresh>
			<rtsthresh>2346</rtsthresh>
			<ctsmode></ctsmode>
			<channel>0</channel>
			<txrate>auto</txrate>
			<txpower>100</txpower>
			<preamble>long</preamble>
			<dtim>1</dtim>
			<dot11n>
				<bandwidth>20+40</bandwidth>
				<bw2040coexist>1</bw2040coexist>
				<guardinterval>400</guardinterval>
				<mcs>
					<auto>1</auto>
					<index></index>
				</mcs>
			</dot11n>
			<wmm>
				<enable>1</enable>
			</wmm>
		</media>
	</phyinf>
	<inet>
		<seqno>10</seqno>
		<max>9</max>
		<count>9</count>
		<entry>
			<uid>INET-1</uid>
			<addrtype>ipv4</addrtype>
			<ipv4>
				<static>1</static>
				<ipaddr>192.168.0.1</ipaddr>
				<mask>24</mask>
				<gateway />
				<mtu>1500</mtu>
				<dns>
					<count>0</count>
				</dns>
			</ipv4>
		</entry>
		<entry>
			<uid>INET-2</uid>
			<addrtype>ipv4</addrtype>
			<ipv4>
				<static>1</static>
				<ipaddr>192.168.1.1</ipaddr>
				<mask>24</mask>
				<gateway />
				<mtu>1500</mtu>
				<dns>
					<count>0</count>
				</dns>
			</ipv4>
		</entry>
		<entry>
			<uid>INET-3</uid>
			<addrtype>ipv4</addrtype>
			<ipv4>
				<static>0</static>
				<mtu>1500</mtu>
				<dns>
					<count>0</count>
				</dns>
			</ipv4>
			<ppp4>
				<over>eth</over>
				<dns>
					<count>0</count>
				</dns>
				<mtu>1492</mtu>
			</ppp4>
		</entry>
		<entry>
			<uid>INET-4</uid>
			<addrtype>ipv4</addrtype>
			<ipv4>
				<static>0</static>
				<mtu>1500</mtu>
			</ipv4>
			<ppp4>
				<over>eth</over>
				<dns>
					<count>0</count>
				</dns>
				<mtu>1492</mtu>
			</ppp4>
		</entry>
		<entry>
			<uid>INET-5</uid>
			<addrtype>ipv4</addrtype>
			<ipv4>
				<static>0</static>
				<mtu>1500</mtu>
			</ipv4>
		</entry>
		<entry>
			<uid>INET-6</uid>
			<addrtype>ipv6</addrtype>
			<ipv6>
				<mode>LL</mode>
			</ipv6>
		</entry>
		<entry>
			<uid>INET-7</uid>
			<addrtype>ipv6</addrtype>
			<ipv6>
				<mode></mode>
			</ipv6>
		</entry>
		<entry>
			<uid>INET-8</uid>
			<addrtype>ipv6</addrtype>
			<ipv6>
				<mode>LL</mode>
			</ipv6>
		</entry>
		<entry>
			<uid>INET-9</uid>
			<addrtype>ipv6</addrtype>
			<ipv6>
				<mode></mode>
				<ipaddr></ipaddr>
				<prefix></prefix>
			</ipv6>
		</entry>
		<entry>
			<uid>INET-10</uid>
			<addrtype>ipv6</addrtype>
			<ipv6>
				<mode></mode>
				<ipaddr></ipaddr>
				<prefix></prefix>
			</ipv6>
		</entry>
	</inet>
	<dhcps4>
		<seqno>2</seqno>
		<max>2</max>
		<count>2</count>
		<entry>
			<uid>DHCPS4-1</uid>
			<start>100</start>
			<end>199</end>
			<domain></domain>
			<leasetime>604800</leasetime>
			<router></router>
			<dns>
				<count>0</count>
			</dns>
			<wins>
				<count>0</count>
			</wins>
			<staticleases>
				<seqno>1</seqno>
				<max>24</max>
				<count>0</count>
			</staticleases>
		</entry>
		<entry>
			<uid>DHCPS4-2</uid>
			<start>100</start>
			<end>199</end>
			<domain></domain>
			<leasetime>604800</leasetime>
			<router></router>
			<dns>
				<count>0</count>
			</dns>
			<wins>
				<count>0</count>
			</wins>
			<staticleases>
				<seqno>1</seqno>
				<max>25</max>
				<count>0</count>
			</staticleases>
		</entry>
	</dhcps4>
	<dhcps6>
		<seqno>2</seqno>
		<max>1</max>
		<entry>
			<uid>DHCPS6-1</uid>
			<mode>STATELESS</mode>
			<start>::3</start>
			<count>20</count>
			<pd>
				<enable>1</enable>
				<mode>1</mode>
			</pd>
		</entry>
	</dhcps6>
	<dns4>
		<seqno>2</seqno>
		<max>1</max>
		<count>1</count>
		<entry>
			<uid>DNS4-1</uid>
			<cachesize>0</cachesize>
			<seqno>3</seqno>
			<max>2</max>
			<count>2</count>
			<entry>
				<uid>SVR-1</uid>
				<type>inf</type>
				<inf>WAN-1</inf>
			</entry>
			<entry>
				<uid>SVR-2</uid>
				<type>inf</type>
				<inf>WAN-2</inf>
				<filter>
					<seqno>1</seqno>
					<max>16</max>
					<count>0</count>
				</filter>
			</entry>
		</entry>
	</dns4>
	<dns6>
		<seqno>2</seqno>
		<max>1</max>
		<count>1</count>
		<entry>
			<uid>DNS6-1</uid>
			<cachesize>0</cachesize>
			<seqno>3</seqno>
			<max>2</max>
			<count>2</count>
			<entry>
				<uid>SVR-1</uid>
				<type>inf</type>
				<inf>WAN-3</inf>
			</entry>
			<entry>
				<uid>SVR-2</uid>
				<type>inf</type>
				<inf>WAN-4</inf>
			</entry>
		</entry>
	</dns6>
	<ddns4>
		<seqno>1</seqno>
		<max>2</max>
		<count>0</count>
	</ddns4>
	<ddns6>
		<cnt>0</cnt>
	</ddns6>
	<wifi>
		<seqno>3</seqno>
		<max>2</max>
		<count>2</count>
		<entry>
			<uid>WIFI-1</uid>
			<opmode>AP</opmode>
			<ssid>dlink</ssid>
			<ssidhidden>0</ssidhidden>
			<authtype>OPEN</authtype>
			<encrtype>NONE</encrtype>
			<wps>
				<enable>1</enable>
				<configured>0</configured>
				<locksecurity></locksecurity>
			</wps>
			<acl>
				<policy>DISABLED</policy>
				<seqno>1</seqno>
				<max>8</max>
				<count>0</count>
			</acl>
		</entry>
		<entry>
			<uid>WIFI-2</uid>
			<opmode>AP</opmode>
			<ssid>dlink+</ssid>
			<ssidhidden>0</ssidhidden>
			<authtype>OPEN</authtype>
			<encrtype>NONE</encrtype>
			<acl>
				<policy>DISABLED</policy>
				<seqno>1</seqno>
				<max>8</max>
				<count>0</count>
			</acl>
		</entry>
	</wifi>
	<nat>
		<seqno>1</seqno>
		<max>1</max>
		<count>1</count>
		<entry>
			<uid>NAT-1</uid>
			<type>PORTRESTRICTED</type>
			<portforward>
				<seqno>1</seqno>
				<max>24</max>
				<count>0</count>
			</portforward>
			<virtualserver>
				<seqno>1</seqno>
				<max>24</max>
				<count>0</count>
			</virtualserver>
			<porttrigger>
				<seqno>1</seqno>
				<max>24</max>
				<count>0</count>
			</porttrigger>
			<dmz>
				<enable />
				<inf />
				<hostid />
				<schedule />
			</dmz>
		</entry>
	</nat>
	<acl>
		<pingresp>
			<enable>0</enable>
		</pingresp>
		<dos>
			<enable>0</enable>
		</dos>
		<spi>
			<enable>0</enable>
		</spi>
		<firewall>
			<seqno>1</seqno>
			<max>50</max>
			<count>0</count>
			<policy>ACCEPT</policy>
		</firewall>
		<urlctrl>
			<seqno>1</seqno>
			<max>24</max>
			<count>0</count>
			<policy>DISABLE</policy>
		</urlctrl>
		<macctrl>
			<seqno>1</seqno>
			<max>24</max>
			<count>0</count>
			<policy>DISABLE</policy>
		</macctrl>
	</acl>
	<acl6>
		<firewall>
			<seqno>1</seqno>
			<max>32</max>
			<count>0</count>
			<policy>DISABLE</policy>
		</firewall>
	</acl6>
	<schedule>
		<seqno>1</seqno>
		<max>32</max>
		<count>0</count>
	</schedule>
	<route>
		<static>
			<seqno>1</seqno>
			<max>32</max>
			<count>0</count>
		</static>
		<destination>
			<seqno>1</seqno>
			<max>8</max>
			<count>0</count>
		</destination>
	</route>
	<route6>
		<static>
			<seqno>1</seqno>
			<max>10</max>
			<count>0</count>
		</static>
	</route6>
</wrgn49_dlob_dir600b>
