<?xml version="1.0"?>
<wrgac25_dlink.2013gui_dir850l>
	<runtime>
		<devdata>
			<flashspeed get="devdata get -e flashspeed" />
			<pin get="devdata get -e pin" />
			<psk get="devdata get -e psk" />
			<hwver get="devdata get -e hwver" />
			<countrycode get="devdata get -e countrycode" />
			<wanmac get="devdata get -e wanmac" />
			<lanmac get="devdata get -e lanmac" />
			<wlanmac get="devdata get -e wlanmac" />
			<wlan5mac get="devdata get -e wlan5mac" />
		<lanpack>/dev/mtdblock/6</lanpack>
		<isfreset get="mfc isfreset" />
		</devdata>
	</runtime>
</wrgac25_dlink.2013gui_dir850l>
