<?xml version="1.0"?>
<wrgac25_dlink.2013gui_dir850l>
	<device>
		<session>
			<dummy></dummy>
		</session>
	</device>
	<runtime>
		<device>
			<layout />
			<uptime get="uptime seconly" />
			<date get="date +%m/%d/%Y" set="/etc/scripts/setdate.sh" />
			<time get="date +%T" set="/etc/scripts/settime.sh" />
			<rfc1123time get="date +'%a, %d %b %Y %X GMT' -u" />
			<image_sign get="cat /etc/config/image_sign" />
			<firmwareversion get="cat /etc/config/buildver"/>
			<hardwareversion get="devdata get -e hwver"/>
			<firmwarebuildrev get="cat /etc/config/buildrev"/>
			<firmwarebuildno get="cat /etc/config/buildno"/>
			<firmwarebuilddate get="cat /etc/config/builddate" />
			<firmwarebuilddaytime get="cat /etc/config/builddaytime" />
			<devconfsize get="devconf size" />
			<bootver get="getbootver \"u-boot\" \"SVN revision:\"" />
		</device>
		<genuuid get="genuuid -r" />
	</runtime>
</wrgac25_dlink.2013gui_dir850l>
